{"cameraMode":{"drawMode":0,"name":"Shaded","section":"Shading Mode"},"sceneLighting":true,"audioPlay":false,"sceneViewState":{"showFog":true,"showMaterialUpdate":false,"showSkybox":true,"showFlares":true,"showImageEffects":true,"showParticleSystems":true},"in2DMode":false,"pivot":{"x":-45.68022155761719,"y":-23.454204559326173,"z":54.215797424316409},"rotation":{"x":-0.18783830106258393,"y":0.5277297496795654,"z":-0.1209542453289032,"w":-0.819532573223114},"size":98.22355651855469,"orthographic":false}