{"cameraMode":{"drawMode":0,"name":"Shaded","section":"Shading Mode"},"sceneLighting":false,"audioPlay":false,"sceneViewState":{"showFog":true,"showMaterialUpdate":false,"showSkybox":false,"showFlares":true,"showImageEffects":true,"showParticleSystems":true},"in2DMode":false,"pivot":{"x":22.824108123779298,"y":3.5789170265197756,"z":11.493606567382813},"rotation":{"x":-0.0027806200087070467,"y":0.9898912906646729,"z":-0.1408204734325409,"w":-0.02016913890838623},"size":11.705119132995606,"orthographic":false}