{"cameraMode":{"drawMode":0,"name":"Shaded","section":"Shading Mode"},"sceneLighting":false,"audioPlay":false,"sceneViewState":{"showFog":true,"showMaterialUpdate":false,"showSkybox":false,"showFlares":true,"showImageEffects":true,"showParticleSystems":true},"in2DMode":false,"pivot":{"x":0.27906036376953127,"y":0.5,"z":2.5058460235595705},"rotation":{"x":0.003944162279367447,"y":-0.9444589018821716,"z":0.32858431339263918,"w":0.011616814881563187},"size":5.451426029205322,"orthographic":false}