{"cameraMode":{"drawMode":0,"name":"Shaded","section":"Shading Mode"},"sceneLighting":false,"audioPlay":false,"sceneViewState":{"showFog":true,"showMaterialUpdate":false,"showSkybox":false,"showFlares":true,"showImageEffects":true,"showParticleSystems":true},"in2DMode":false,"pivot":{"x":-6.826837062835693,"y":-12.692121505737305,"z":43.439815521240237},"rotation":{"x":-0.39777135848999026,"y":0.5711951851844788,"z":-0.3687981963157654,"w":-0.6160940527915955},"size":37.42757797241211,"orthographic":false}