{"cameraMode":{"drawMode":0,"name":"Shaded","section":"Shading Mode"},"sceneLighting":false,"audioPlay":false,"sceneViewState":{"showFog":true,"showMaterialUpdate":false,"showSkybox":false,"showFlares":true,"showImageEffects":true,"showParticleSystems":true},"in2DMode":false,"pivot":{"x":-7.759194374084473,"y":-15.029382705688477,"z":42.910343170166019},"rotation":{"x":-0.3814770579338074,"y":0.6048727631568909,"z":-0.4047904312610626,"w":-0.5699272155761719},"size":38.379295349121097,"orthographic":false}