{"cameraMode":{"drawMode":0,"name":"Shaded","section":"Shading Mode"},"sceneLighting":false,"audioPlay":false,"sceneViewState":{"showFog":true,"showMaterialUpdate":false,"showSkybox":false,"showFlares":true,"showImageEffects":true,"showParticleSystems":true},"in2DMode":false,"pivot":{"x":49.3646240234375,"y":25.681385040283204,"z":13.719724655151368},"rotation":{"x":-0.00041872559813782573,"y":0.9993582367897034,"z":-0.03480136767029762,"w":-0.014353685081005097},"size":7.362061500549316,"orthographic":false}