{"cameraMode":{"drawMode":0,"name":"Shaded","section":"Shading Mode"},"sceneLighting":false,"audioPlay":false,"sceneViewState":{"showFog":true,"showMaterialUpdate":false,"showSkybox":false,"showFlares":true,"showImageEffects":true,"showParticleSystems":true},"in2DMode":false,"pivot":{"x":34.09061813354492,"y":31.029865264892579,"z":4.062917709350586},"rotation":{"x":-0.005748069379478693,"y":-0.9619207382202148,"z":0.2727617621421814,"w":-0.019919976592063905},"size":13.280665397644043,"orthographic":false}