{"cameraMode":{"drawMode":0,"name":"Shaded","section":"Shading Mode"},"sceneLighting":false,"audioPlay":false,"sceneViewState":{"showFog":true,"showMaterialUpdate":false,"showSkybox":false,"showFlares":true,"showImageEffects":true,"showParticleSystems":true},"in2DMode":false,"pivot":{"x":43.15426254272461,"y":27.114259719848634,"z":10.96761703491211},"rotation":{"x":0.15604765713214875,"y":0.7336872220039368,"z":-0.17972727119922639,"w":0.6365417838096619},"size":20.15045166015625,"orthographic":false}