{"cameraMode":{"drawMode":0,"name":"Shaded","section":"Shading Mode"},"sceneLighting":false,"audioPlay":false,"sceneViewState":{"showFog":true,"showMaterialUpdate":false,"showSkybox":false,"showFlares":true,"showImageEffects":true,"showParticleSystems":true},"in2DMode":false,"pivot":{"x":44.88048553466797,"y":17.163454055786134,"z":-1.8649539947509766},"rotation":{"x":0.010595902800559998,"y":-0.9808662533760071,"z":0.18641678988933564,"w":0.05625060200691223},"size":14.888812065124512,"orthographic":false}