{"cameraMode":{"drawMode":0,"name":"Shaded","section":"Shading Mode"},"sceneLighting":false,"audioPlay":false,"sceneViewState":{"showFog":true,"showMaterialUpdate":false,"showSkybox":false,"showFlares":true,"showImageEffects":true,"showParticleSystems":true},"in2DMode":false,"pivot":{"x":33.794315338134769,"y":31.990901947021486,"z":8.175905227661133},"rotation":{"x":0.0034649830777198078,"y":-0.923660933971405,"z":0.38325339555740359,"w":0.00859608594328165},"size":9.529193878173829,"orthographic":false}