{"cameraMode":{"drawMode":0,"name":"Shaded","section":"Shading Mode"},"sceneLighting":false,"audioPlay":false,"sceneViewState":{"showFog":true,"showMaterialUpdate":false,"showSkybox":false,"showFlares":true,"showImageEffects":true,"showParticleSystems":true},"in2DMode":false,"pivot":{"x":37.35580825805664,"y":25.67664909362793,"z":15.120108604431153},"rotation":{"x":-0.04419228434562683,"y":-0.9471853971481323,"z":0.28089287877082827,"w":-0.14868482947349549},"size":9.587322235107422,"orthographic":false}