{"cameraMode":{"drawMode":0,"name":"Shaded","section":"Shading Mode"},"sceneLighting":false,"audioPlay":false,"sceneViewState":{"showFog":true,"showMaterialUpdate":false,"showSkybox":false,"showFlares":true,"showImageEffects":true,"showParticleSystems":true},"in2DMode":false,"pivot":{"x":43.54396438598633,"y":26.96588134765625,"z":10.406570434570313},"rotation":{"x":-0.15405356884002686,"y":0.8392253518104553,"z":-0.30615758895874026,"w":-0.42227834463119509},"size":7.615774154663086,"orthographic":false}