{"cameraMode":{"drawMode":0,"name":"Shaded","section":"Shading Mode"},"sceneLighting":false,"audioPlay":false,"sceneViewState":{"showFog":true,"showMaterialUpdate":false,"showSkybox":false,"showFlares":true,"showImageEffects":true,"showParticleSystems":true},"in2DMode":false,"pivot":{"x":317.8257141113281,"y":52.72606658935547,"z":379.54779052734377},"rotation":{"x":0.03670526295900345,"y":-0.23612335324287415,"z":0.009040969423949719,"w":0.9710540175437927},"size":1047.6285400390625,"orthographic":false}