{"cameraMode":{"drawMode":0,"name":"Shaded","section":"Shading Mode"},"sceneLighting":true,"audioPlay":false,"sceneViewState":{"showFog":true,"showMaterialUpdate":true,"showSkybox":true,"showFlares":true,"showImageEffects":true,"showParticleSystems":true},"in2DMode":false,"pivot":{"x":-3.7823104858398439,"y":0.8061445355415344,"z":1.2485945224761963},"rotation":{"x":0.04884188622236252,"y":-0.7860293388366699,"z":0.06262129545211792,"w":0.6130675077438355},"size":12.895293235778809,"orthographic":false}